username,password_hash
ai_sec_lead,64bb2d9f450b822ef919ab4ae8302ce13267bc160659d80c781e52f647a179b7
ml_researcher,6103ba1b545551bbb1e016cebb9e6b0c6783596f2cd10aeaa7aadefb19f282ec
pipeline_admin,890f81534134ccdcc4ff565a971ebf67aba10fe4fff649537ba1bb1fe25c4ec4
soc_analyst,9e459023b2e62608f9e9711ae33b28b7c89f8dbd04a5a057732c09802b7c7af2
devsecops_eng,754c976044e52993a0bd534f59475c8dbbd3361c4d09dfe969f7d436e4358302
model_auditor,74eaa592c2fb086aba6a0d7cd037a074b4569a5fa3a4b6d0a2102dc250a45463
cloud_architect,6516513d0be0cdcc9a0afd7ded7e324c1478d6432312fbdc941c2212b51b21d8
compliance_mgr,7202ae6b329b6a0875b42a02207614c48096bec8c05c75f96bbe6189ebd4e3b7
crypto_expert,992e1841a925b9ac6f18f781abd4b6840642839d573cd34bfb528c14258ed97e
incident_resp,fc0abf554017ba091f110b3d782631d59cfd266fe63cca9504d5528343ecee5b
